{
  "id": 2,
  "accountNumber": "ACC2",
  "balance": 2173.3186992116425,
  "transactions": [
    "id=1 amount=2173.3186992116425 type='DEPOSIT' timestamp='Tue Dec 02 13:15:29 UTC 2025' relatedAccountId=2"
  ]
}