{
  "id": 2,
  "accountNumber": "ACC2",
  "balance": 4976.54059640757,
  "transactions": [
    "id=1 amount=4976.54059640757 type='DEPOSIT' timestamp='Thu Dec 04 11:39:12 UTC 2025' relatedAccountId=2"
  ]
}