{
  "id": 3,
  "accountNumber": "ACC3",
  "balance": 2992.2133108907915,
  "transactions": [
    "id=2 amount=2992.2133108907915 type='DEPOSIT' timestamp='Wed Dec 03 13:41:35 UTC 2025' relatedAccountId=3"
  ]
}