{
  "id": 3,
  "accountNumber": "ACC3",
  "balance": 98.39683491310912,
  "transactions": [
    "id=2 amount=98.39683491310912 type='DEPOSIT' timestamp='Tue Dec 02 10:43:57 UTC 2025' relatedAccountId=3"
  ]
}