{
  "id": 3,
  "accountNumber": "ACC3",
  "balance": 1162.3749216660651,
  "transactions": [
    "id=2 amount=1162.3749216660651 type='DEPOSIT' timestamp='Mon Apr 13 19:13:29 UTC 2026' relatedAccountId=3"
  ]
}